Wk,Date,Time,Day,Winner,Pts,,Loser,Pts
1,27-Aug-22,7:00 PM,Sat,Florida Atlantic,43,,Charlotte,13
1,27-Aug-22,5:00 PM,Sat,Florida State,47,,Duquesne,7
1,27-Aug-22,4:00 PM,Sat,Illinois,38,,Wyoming,6
1,27-Aug-22,10:00 PM,Sat,Nevada,23,@,New Mexico State,12
1,27-Aug-22,3:30 PM,Sat,Nevada-Las Vegas,52,,Idaho State,21
1,27-Aug-22,8:00 PM,Sat,North Carolina,56,,Florida A&M,24
1,27-Aug-22,9:00 PM,Sat,North Texas,31,@,Texas-El Paso,13
1,27-Aug-22,12:30 PM,Sat,Northwestern,31,N,Nebraska,28
1,27-Aug-22,4:00 PM,Sat,Utah State,31,,Connecticut,20
1,27-Aug-22,10:30 PM,Sat,Vanderbilt,63,@,Hawaii,10
1,27-Aug-22,12:00 PM,Sat,Western Kentucky,38,,Austin Peay,27
2,1-Sep-22,6:00 PM,Thu,Akron,30,,St. Francis (PA),23
2,1-Sep-22,8:00 PM,Thu,Alabama-Birmingham,59,,Alabama A&M,0
2,1-Sep-22,10:00 PM,Thu,Arizona State,40,,Northern Arizona,3
2,1-Sep-22,7:00 PM,Thu,Central Florida,56,,South Carolina State,10
2,1-Sep-22,7:00 PM,Thu,Florida International,38,,Bryant,37
2,1-Sep-22,10:30 PM,Thu,Fresno State,35,,Cal Poly,7
2,1-Sep-22,9:00 PM,Thu,Minnesota,38,,New Mexico State,0
2,1-Sep-22,8:00 PM,Thu,Missouri,52,,Louisiana Tech,24
2,1-Sep-22,8:00 PM,Thu,Northern Illinois,34,,Eastern Illinois,27
2,1-Sep-22,7:00 PM,Thu,(12) Oklahoma State,58,,Central Michigan,44
2,1-Sep-22,8:00 PM,Thu,Penn State,35,@,Purdue,31
2,1-Sep-22,7:00 PM,Thu,(17) Pittsburgh,38,,West Virginia,31
2,1-Sep-22,10:30 PM,Thu,San Jose State,21,,Portland State,17
2,1-Sep-22,7:00 PM,Thu,Tennessee,59,,Ball State,10
2,1-Sep-22,7:00 PM,Thu,Toledo,37,,Long Island,0
2,1-Sep-22,7:30 PM,Thu,(22) Wake Forest,44,,Virginia Military Institute,10
2,2-Sep-22,7:30 PM,Fri,Duke,30,,Temple,0
2,2-Sep-22,7:00 PM,Fri,Eastern Michigan,42,,Eastern Kentucky,34
2,2-Sep-22,8:00 PM,Fri,Indiana,23,,Illinois,20
2,2-Sep-22,8:00 PM,Fri,Kansas,56,,Tennessee Tech,10
2,2-Sep-22,7:00 PM,Fri,(15) Michigan State,35,,Western Michigan,13
2,2-Sep-22,7:00 PM,Fri,Old Dominion,20,,Virginia Tech,17
2,2-Sep-22,10:00 PM,Fri,Texas Christian,38,@,Colorado,13
2,2-Sep-22,7:00 PM,Fri,William & Mary,41,@,Charlotte,24
2,3-Sep-22,1:00 PM,Sat,Air Force,48,,Northern Iowa,17
2,3-Sep-22,7:30 PM,Sat,(1) Alabama,55,,Utah State,0
2,3-Sep-22,3:30 PM,Sat,Arizona,38,@,San Diego State,20
2,3-Sep-22,3:30 PM,Sat,(19) Arkansas,31,,(23) Cincinnati,24
2,3-Sep-22,7:00 PM,Sat,Arkansas State,58,,Grambling State,3
2,3-Sep-22,7:00 PM,Sat,Auburn,42,,Mercer,16
2,3-Sep-22,7:00 PM,Sat,(10) Baylor,69,,Albany,10
2,3-Sep-22,4:00 PM,Sat,(25) Brigham Young,50,@,South Florida,21
2,3-Sep-22,4:00 PM,Sat,California,34,,California-Davis,13
2,3-Sep-22,7:00 PM,Sat,Coastal Carolina,38,,Army,28
2,3-Sep-22,12:00 PM,Sat,Connecticut,28,,Central Connecticut State,3
2,3-Sep-22,12:00 PM,Sat,Delaware,14,@,Navy,7
2,3-Sep-22,7:00 PM,Sat,Florida,29,,(7) Utah,26
2,3-Sep-22,3:30 PM,Sat,(3) Georgia,49,N,(11) Oregon,3
2,3-Sep-22,6:00 PM,Sat,Georgia Southern,59,,Morgan State,7
2,3-Sep-22,3:30 PM,Sat,(24) Houston,37,@,Texas-San Antonio,35
2,3-Sep-22,12:00 PM,Sat,Iowa,7,,South Dakota State,3
2,3-Sep-22,2:00 PM,Sat,Iowa State,42,,Southeast Missouri State,10
2,3-Sep-22,6:00 PM,Sat,James Madison,44,,Middle Tennessee State,7
2,3-Sep-22,7:00 PM,Sat,Kansas State,34,,South Dakota,0
2,3-Sep-22,7:00 PM,Sat,(20) Kentucky,37,,Miami (OH),13
2,3-Sep-22,7:00 PM,Sat,Liberty,29,@,Southern Mississippi,27
2,3-Sep-22,7:00 PM,Sat,Louisiana,24,,Southeastern Louisiana,7
2,3-Sep-22,3:30 PM,Sat,Marshall,55,,Norfolk State,3
2,3-Sep-22,12:00 PM,Sat,Maryland,31,,Buffalo,10
2,3-Sep-22,3:30 PM,Sat,(16) Miami (FL),70,,Bethune-Cookman,13
2,3-Sep-22,12:00 PM,Sat,(8) Michigan,51,,Colorado State,7
2,3-Sep-22,4:00 PM,Sat,(21) Mississippi,28,,Troy,10
2,3-Sep-22,7:30 PM,Sat,Mississippi State,49,,Memphis,23
2,3-Sep-22,3:30 PM,Sat,Nebraska,38,,North Dakota,17
2,3-Sep-22,5:30 PM,Sat,Nevada,38,,Texas State,14
2,3-Sep-22,8:00 PM,Sat,New Mexico,41,,Maine,0
2,3-Sep-22,12:00 PM,Sat,North Carolina,63,@,Appalachian State,61
2,3-Sep-22,12:00 PM,Sat,(13) North Carolina State,21,@,East Carolina,20
2,3-Sep-22,6:00 PM,Sat,Ohio,41,,Florida Atlantic,38
2,3-Sep-22,7:30 PM,Sat,(2) Ohio State,21,,(5) Notre Dame,10
2,3-Sep-22,3:30 PM,Sat,(9) Oklahoma,45,,Texas-El Paso,13
2,3-Sep-22,10:30 PM,Sat,Oregon State,34,,Boise State,17
2,3-Sep-22,12:00 PM,Sat,Rutgers,22,@,Boston College,21
2,3-Sep-22,5:00 PM,Sat,South Alabama,48,,Nicholls State,7
2,3-Sep-22,7:30 PM,Sat,South Carolina,35,,Georgia State,14
2,3-Sep-22,6:00 PM,Sat,(14) Southern California,66,,Rice,14
2,3-Sep-22,7:30 PM,Sat,Southern Methodist,48,@,North Texas,10
2,3-Sep-22,8:00 PM,Sat,Stanford,41,,Colgate,10
2,3-Sep-22,8:00 PM,Sat,Syracuse,31,,Louisville,7
2,3-Sep-22,8:00 PM,Sat,Texas,52,,Louisiana-Monroe,10
2,3-Sep-22,12:00 PM,Sat,(6) Texas A&M,31,,Sam Houston State,0
2,3-Sep-22,8:00 PM,Sat,Texas Tech,63,,Murray State,10
2,3-Sep-22,7:00 PM,Sat,Tulane,42,,Massachusetts,10
2,3-Sep-22,2:30 PM,Sat,UCLA,45,,Bowling Green,17
2,3-Sep-22,7:00 PM,Sat,Vanderbilt,42,,Elon,31
2,3-Sep-22,12:30 PM,Sat,Virginia,34,,Richmond,17
2,3-Sep-22,10:30 PM,Sat,Washington,45,,Kent State,20
2,3-Sep-22,9:30 PM,Sat,Washington State,24,,Idaho,17
2,3-Sep-22,7:00 PM,Sat,(18) Wisconsin,38,,Illinois State,0
2,3-Sep-22,3:30 PM,Sat,Wyoming,40,,Tulsa,37
2,4-Sep-22,7:30 PM,Sun,Florida State,24,N,Louisiana State,23
2,4-Sep-22,12:00 AM,Sun,Western Kentucky,49,@,Hawaii,17
2,5-Sep-22,8:00 PM,Mon,(4) Clemson,41,@,Georgia Tech,10
3,9-Sep-22,9:00 PM,Fri,Boise State,31,@,New Mexico,14
3,9-Sep-22,7:30 PM,Fri,Louisville,20,@,Central Florida,14
3,10-Sep-22,3:30 PM,Sat,Air Force,41,,Colorado,10
3,10-Sep-22,12:00 PM,Sat,(1) Alabama,20,@,Texas,19
3,10-Sep-22,3:30 PM,Sat,Appalachian State,17,@,(6) Texas A&M,14
3,10-Sep-22,12:00 PM,Sat,(16) Arkansas,44,,South Carolina,30
3,10-Sep-22,7:30 PM,Sat,Auburn,24,,San Jose State,16
3,10-Sep-22,10:15 PM,Sat,(21) Brigham Young,26,,(9) Baylor,20
3,10-Sep-22,4:00 PM,Sat,California,20,,Nevada-Las Vegas,14
3,10-Sep-22,3:30 PM,Sat,Cincinnati,63,,Kennesaw State,10
3,10-Sep-22,3:30 PM,Sat,(5) Clemson,35,,Furman,12
3,10-Sep-22,6:00 PM,Sat,Coastal Carolina,31,,Gardner-Webb,27
3,10-Sep-22,12:00 PM,Sat,Duke,31,@,Northwestern,23
3,10-Sep-22,6:00 PM,Sat,East Carolina,39,,Old Dominion,21
3,10-Sep-22,4:00 PM,Sat,Eastern Kentucky,59,@,Bowling Green,57
3,10-Sep-22,6:00 PM,Sat,Florida Atlantic,42,,Southeastern Louisiana,9
3,10-Sep-22,4:00 PM,Sat,(2) Georgia,33,,Samford,0
3,10-Sep-22,7:30 PM,Sat,Georgia Southern,45,@,Nebraska,42
3,10-Sep-22,7:00 PM,Sat,Georgia Tech,35,,Western Carolina,17
3,10-Sep-22,6:00 PM,Sat,Holy Cross,37,@,Buffalo,31
3,10-Sep-22,4:00 PM,Sat,Illinois,24,,Virginia,3
3,10-Sep-22,5:30 PM,Sat,Incarnate Word,55,@,Nevada,41
3,10-Sep-22,8:00 PM,Sat,Indiana,35,,Idaho,22
3,10-Sep-22,4:00 PM,Sat,Iowa State,10,@,Iowa,7
3,10-Sep-22,4:00 PM,Sat,James Madison,63,,Norfolk State,7
3,10-Sep-22,6:00 PM,Sat,Kansas,55,@,West Virginia,42
3,10-Sep-22,12:00 PM,Sat,Kansas State,40,,Missouri,12
3,10-Sep-22,7:00 PM,Sat,(20) Kentucky,26,@,(12) Florida,16
3,10-Sep-22,6:00 PM,Sat,Liberty,21,,Alabama-Birmingham,14
3,10-Sep-22,,Sat,Louisiana,49,,Eastern Michigan,21
3,10-Sep-22,7:30 PM,Sat,Louisiana State,65,,Southern,17
3,10-Sep-22,7:00 PM,Sat,Louisiana Tech,52,,Stephen F. Austin,17
3,10-Sep-22,8:00 PM,Sat,Louisiana-Monroe,35,,Nicholls State,7
3,10-Sep-22,2:30 PM,Sat,Marshall,26,@,(8) Notre Dame,21
3,10-Sep-22,3:30 PM,Sat,Maryland,56,@,Charlotte,21
3,10-Sep-22,3:30 PM,Sat,Memphis,37,@,Navy,13
3,10-Sep-22,12:00 PM,Sat,(15) Miami (FL),30,,Southern Mississippi,7
3,10-Sep-22,6:00 PM,Sat,Miami (OH),31,,Robert Morris,14
3,10-Sep-22,8:00 PM,Sat,(4) Michigan,56,,Hawaii,10
3,10-Sep-22,4:00 PM,Sat,(14) Michigan State,52,,Akron,0
3,10-Sep-22,4:00 PM,Sat,Middle Tennessee State,34,@,Colorado State,19
3,10-Sep-22,12:00 PM,Sat,Minnesota,62,,Western Illinois,10
3,10-Sep-22,,Sat,(22) Mississippi,59,,Central Arkansas,3
3,10-Sep-22,11:00 PM,Sat,Mississippi State,39,@,Arizona,17
3,10-Sep-22,12:00 PM,Sat,North Carolina,35,@,Georgia State,28
3,10-Sep-22,12:30 PM,Sat,(18) North Carolina State,55,,Charleston Southern,3
3,10-Sep-22,7:30 PM,Sat,North Texas,59,,Texas Southern,27
3,10-Sep-22,12:00 PM,Sat,(3) Ohio State,45,,Arkansas State,12
3,10-Sep-22,7:00 PM,Sat,(7) Oklahoma,33,,Kent State,3
3,10-Sep-22,7:30 PM,Sat,(11) Oklahoma State,34,,Arizona State,17
3,10-Sep-22,8:30 PM,Sat,Oregon,70,,Eastern Washington,14
3,10-Sep-22,10:30 PM,Sat,Oregon State,35,@,Fresno State,32
3,10-Sep-22,12:00 PM,Sat,Penn State,46,,Ohio,10
3,10-Sep-22,4:00 PM,Sat,Purdue,56,,Indiana State,0
3,10-Sep-22,7:30 PM,Sat,Rice,52,,McNeese State,10
3,10-Sep-22,4:00 PM,Sat,Rutgers,66,,Wagner,7
3,10-Sep-22,8:00 PM,Sat,San Diego State,38,,Idaho State,7
3,10-Sep-22,1:00 PM,Sat,South Alabama,38,@,Central Michigan,24
3,10-Sep-22,7:00 PM,Sat,South Florida,42,,Howard,20
3,10-Sep-22,7:30 PM,Sat,(10) Southern California,41,@,Stanford,28
3,10-Sep-22,7:00 PM,Sat,Southern Methodist,45,,Lamar,16
3,10-Sep-22,7:00 PM,Sat,Syracuse,48,@,Connecticut,14
3,10-Sep-22,2:00 PM,Sat,Temple,30,,Lafayette,14
3,10-Sep-22,3:30 PM,Sat,(24) Tennessee,34,@,(17) Pittsburgh,27
3,10-Sep-22,8:00 PM,Sat,Texas Christian,59,,Tarleton State,17
3,10-Sep-22,7:00 PM,Sat,Texas State,41,,Florida International,12
3,10-Sep-22,4:00 PM,Sat,Texas Tech,33,,(25) Houston,30
3,10-Sep-22,9:00 PM,Sat,Texas-El Paso,20,,New Mexico State,13
3,10-Sep-22,12:00 PM,Sat,Texas-San Antonio,41,@,Army,38
3,10-Sep-22,7:00 PM,Sat,Toledo,55,,Massachusetts,10
3,10-Sep-22,8:00 PM,Sat,Troy,38,,Alabama A&M,17
3,10-Sep-22,7:00 PM,Sat,Tulane,52,,Alcorn State,0
3,10-Sep-22,7:00 PM,Sat,Tulsa,38,,Northern Illinois,35
3,10-Sep-22,5:00 PM,Sat,UCLA,45,,Alabama State,7
3,10-Sep-22,1:30 PM,Sat,(13) Utah,73,,Southern Utah,7
3,10-Sep-22,8:00 PM,Sat,Virginia Tech,27,,Boston College,10
3,10-Sep-22,12:00 PM,Sat,(23) Wake Forest,45,@,Vanderbilt,25
3,10-Sep-22,4:00 PM,Sat,Washington,52,,Portland State,6
3,10-Sep-22,3:30 PM,Sat,Washington State,17,@,(19) Wisconsin,14
3,10-Sep-22,7:00 PM,Sat,Weber State,35,@,Utah State,7
3,10-Sep-22,2:00 PM,Sat,Western Michigan,37,@,Ball State,30
3,10-Sep-22,4:00 PM,Sat,Wyoming,33,,Northern Colorado,10
4,16-Sep-22,7:30 PM,Fri,Florida State,35,@,Louisville,31
4,16-Sep-22,8:00 PM,Fri,Wyoming,17,,Air Force,14
4,17-Sep-22,4:00 PM,Sat,(2) Alabama,63,,Louisiana-Monroe,7
4,17-Sep-22,3:30 PM,Sat,Alabama-Birmingham,35,,Georgia Southern,21
4,17-Sep-22,3:30 PM,Sat,Appalachian State,32,,Troy,28
4,17-Sep-22,11:00 PM,Sat,Arizona,31,,North Dakota State,28
4,17-Sep-22,7:00 PM,Sat,(10) Arkansas,38,,Missouri State,27
4,17-Sep-22,12:00 PM,Sat,Army,49,,Villanova,10
4,17-Sep-22,2:00 PM,Sat,Ball State,31,,Murray State,0
4,17-Sep-22,12:00 PM,Sat,(17) Baylor,42,,Texas State,7
4,17-Sep-22,4:00 PM,Sat,Boise State,30,,Tennessee-Martin,7
4,17-Sep-22,7:30 PM,Sat,Boston College,38,,Maine,17
4,17-Sep-22,5:00 PM,Sat,Bowling Green,34,,Marshall,31
4,17-Sep-22,7:30 PM,Sat,Central Florida,40,@,Florida Atlantic,14
4,17-Sep-22,1:00 PM,Sat,Central Michigan,41,,Bucknell,0
4,17-Sep-22,7:00 PM,Sat,Charlotte,42,@,Georgia State,41
4,17-Sep-22,12:00 PM,Sat,Cincinnati,38,N,Miami (OH),17
4,17-Sep-22,8:00 PM,Sat,(5) Clemson,48,,Louisiana Tech,20
4,17-Sep-22,1:00 PM,Sat,Coastal Carolina,38,,Buffalo,26
4,17-Sep-22,6:00 PM,Sat,Duke,49,,North Carolina A&T,20
4,17-Sep-22,6:00 PM,Sat,East Carolina,49,,Campbell,10
4,17-Sep-22,11:00 PM,Sat,Eastern Michigan,30,@,Arizona State,21
4,17-Sep-22,7:30 PM,Sat,(18) Florida,31,,South Florida,28
4,17-Sep-22,12:00 PM,Sat,(1) Georgia,48,@,South Carolina,7
4,17-Sep-22,12:00 PM,Sat,Indiana,33,,Western Kentucky,30
4,17-Sep-22,7:30 PM,Sat,Iowa,27,,Nevada,0
4,17-Sep-22,2:00 PM,Sat,Iowa State,43,,Ohio,10
4,17-Sep-22,4:00 PM,Sat,Kansas,48,@,Houston,30
4,17-Sep-22,12:00 PM,Sat,Kent State,63,,Long Island,10
4,17-Sep-22,12:00 PM,Sat,(9) Kentucky,31,,Youngstown State,0
4,17-Sep-22,6:00 PM,Sat,Louisiana State,31,,Mississippi State,16
4,17-Sep-22,7:30 PM,Sat,Maryland,34,,Southern Methodist,27
4,17-Sep-22,3:30 PM,Sat,Massachusetts,20,,Stony Brook,3
4,17-Sep-22,7:00 PM,Sat,Memphis,44,,Arkansas State,32
4,17-Sep-22,12:00 PM,Sat,(4) Michigan,59,,Connecticut,0
4,17-Sep-22,7:00 PM,Sat,Middle Tennessee State,49,,Tennessee State,6
4,17-Sep-22,3:30 PM,Sat,Minnesota,49,,Colorado,7
4,17-Sep-22,3:30 PM,Sat,(20) Mississippi,42,@,Georgia Tech,0
4,17-Sep-22,12:00 PM,Sat,Missouri,34,,Abilene Christian,17
4,17-Sep-22,3:00 PM,Sat,Nevada-Las Vegas,58,,North Texas,27
4,17-Sep-22,8:00 PM,Sat,New Mexico,27,,Texas-El Paso,10
4,17-Sep-22,7:00 PM,Sat,(16) North Carolina State,27,,Texas Tech,14
4,17-Sep-22,2:30 PM,Sat,Notre Dame,24,,California,17
4,17-Sep-22,7:00 PM,Sat,(3) Ohio State,77,,Toledo,21
4,17-Sep-22,12:00 PM,Sat,(6) Oklahoma,49,@,Nebraska,14
4,17-Sep-22,7:00 PM,Sat,(8) Oklahoma State,63,,Arkansas-Pine Bluff,7
4,17-Sep-22,3:30 PM,Sat,(25) Oregon,41,,(12) Brigham Young,20
4,17-Sep-22,8:00 PM,Sat,Oregon State,68,N,Montana State,28
4,17-Sep-22,3:30 PM,Sat,(22) Penn State,41,@,Auburn,12
4,17-Sep-22,7:30 PM,Sat,(23) Pittsburgh,34,@,Western Michigan,13
4,17-Sep-22,7:30 PM,Sat,Rice,33,,Louisiana,21
4,17-Sep-22,2:00 PM,Sat,Rutgers,16,@,Temple,14
4,17-Sep-22,10:30 PM,Sat,(7) Southern California,45,,Fresno State,17
4,17-Sep-22,12:00 PM,Sat,Southern Illinois,31,@,Northwestern,24
4,17-Sep-22,7:00 PM,Sat,Southern Mississippi,64,,Northwestern State,10
4,17-Sep-22,12:00 PM,Sat,Syracuse,32,,Purdue,29
4,17-Sep-22,7:00 PM,Sat,(15) Tennessee,63,,Akron,6
4,17-Sep-22,8:00 PM,Sat,(21) Texas,41,,Texas-San Antonio,20
4,17-Sep-22,9:00 PM,Sat,(24) Texas A&M,17,,(13) Miami (FL),9
4,17-Sep-22,3:00 PM,Sat,Tulane,17,@,Kansas State,10
4,17-Sep-22,7:00 PM,Sat,Tulsa,54,,Jacksonville State,17
4,17-Sep-22,2:00 PM,Sat,UCLA,32,,South Alabama,31
4,17-Sep-22,10:00 PM,Sat,(14) Utah,35,,San Diego State,7
4,17-Sep-22,3:30 PM,Sat,Vanderbilt,38,@,Northern Illinois,28
4,17-Sep-22,2:00 PM,Sat,Virginia,16,,Old Dominion,14
4,17-Sep-22,11:00 AM,Sat,Virginia Tech,27,,Wofford,7
4,17-Sep-22,5:00 PM,Sat,(19) Wake Forest,37,,Liberty,36
4,17-Sep-22,7:30 PM,Sat,Washington,39,,(11) Michigan State,28
4,17-Sep-22,5:00 PM,Sat,Washington State,38,,Colorado State,7
4,17-Sep-22,1:00 PM,Sat,West Virginia,65,,Towson,7
4,17-Sep-22,3:30 PM,Sat,Wisconsin,66,,New Mexico State,7
4,18-Sep-22,12:00 AM,Sun,Hawaii,24,,Duquesne,14
5,22-Sep-22,7:30 PM,Thu,Coastal Carolina,41,@,Georgia State,24
5,22-Sep-22,8:30 PM,Thu,Illinois,31,,Chattanooga,0
5,22-Sep-22,7:30 PM,Thu,West Virginia,33,@,Virginia Tech,10
5,23-Sep-22,8:00 PM,Fri,Air Force,48,,Nevada,20
5,23-Sep-22,7:00 PM,Fri,Syracuse,22,,Virginia,20
5,23-Sep-22,9:00 PM,Fri,Texas-El Paso,27,,Boise State,10
5,24-Sep-22,7:30 PM,Sat,(2) Alabama,55,,Vanderbilt,3
5,24-Sep-22,12:00 PM,Sat,Auburn,17,,Missouri,14
5,24-Sep-22,12:00 PM,Sat,(17) Baylor,31,@,Iowa State,24
5,24-Sep-22,10:15 PM,Sat,(19) Brigham Young,38,,Wyoming,24
5,24-Sep-22,12:00 PM,Sat,Buffalo,50,@,Eastern Michigan,31
5,24-Sep-22,5:30 PM,Sat,California,49,,Arizona,31
5,24-Sep-22,4:00 PM,Sat,Central Florida,27,,Georgia Tech,10
5,24-Sep-22,3:30 PM,Sat,Cincinnati,45,,Indiana,24
5,24-Sep-22,12:00 PM,Sat,(5) Clemson,51,@,(21) Wake Forest,45
5,24-Sep-22,8:00 PM,Sat,Florida State,44,,Boston College,14
5,24-Sep-22,12:00 PM,Sat,(1) Georgia,39,,Kent State,22
5,24-Sep-22,6:00 PM,Sat,Georgia Southern,34,,Ball State,23
5,24-Sep-22,6:00 PM,Sat,Houston,34,,Rice,27
5,24-Sep-22,7:00 PM,Sat,Iowa,27,@,Rutgers,10
5,24-Sep-22,3:30 PM,Sat,James Madison,32,@,Appalachian State,28
5,24-Sep-22,12:00 PM,Sat,Kansas,35,,Duke,27
5,24-Sep-22,8:00 PM,Sat,Kansas State,41,@,(6) Oklahoma,34
5,24-Sep-22,7:00 PM,Sat,(8) Kentucky,31,,Northern Illinois,23
5,24-Sep-22,6:00 PM,Sat,Liberty,21,,Akron,12
5,24-Sep-22,7:30 PM,Sat,Louisiana State,38,,New Mexico,0
5,24-Sep-22,8:00 PM,Sat,Louisiana-Monroe,21,,Louisiana,17
5,24-Sep-22,12:00 PM,Sat,Louisville,41,,South Florida,3
5,24-Sep-22,3:30 PM,Sat,Memphis,44,,North Texas,34
5,24-Sep-22,7:30 PM,Sat,Miami (OH),17,@,Northwestern,14
5,24-Sep-22,12:00 PM,Sat,(4) Michigan,34,,Maryland,27
5,24-Sep-22,3:30 PM,Sat,Middle Tennessee State,45,@,(25) Miami (FL),31
5,24-Sep-22,3:30 PM,Sat,Minnesota,34,@,Michigan State,7
5,24-Sep-22,4:00 PM,Sat,(16) Mississippi,35,,Tulsa,27
5,24-Sep-22,12:00 PM,Sat,Mississippi State,45,,Bowling Green,14
5,24-Sep-22,6:00 PM,Sat,Navy,23,@,East Carolina,20
5,24-Sep-22,7:00 PM,Sat,Nevada-Las Vegas,34,@,Utah State,24
5,24-Sep-22,8:00 PM,Sat,New Mexico State,45,,Hawaii,26
5,24-Sep-22,7:30 PM,Sat,(12) North Carolina State,41,,Connecticut,10
5,24-Sep-22,3:30 PM,Sat,Notre Dame,45,@,North Carolina,32
5,24-Sep-22,2:00 PM,Sat,Ohio,59,,Fordham,52
5,24-Sep-22,7:30 PM,Sat,(3) Ohio State,52,,Wisconsin,21
5,24-Sep-22,6:00 PM,Sat,Old Dominion,29,,Arkansas State,26
5,24-Sep-22,4:00 PM,Sat,(15) Oregon,44,@,Washington State,41
5,24-Sep-22,12:00 PM,Sat,(14) Penn State,33,,Central Michigan,14
5,24-Sep-22,12:00 PM,Sat,(24) Pittsburgh,45,,Rhode Island,24
5,24-Sep-22,7:30 PM,Sat,Purdue,28,,Florida Atlantic,26
5,24-Sep-22,4:00 PM,Sat,Sacramento State,41,@,Colorado State,10
5,24-Sep-22,3:30 PM,Sat,San Diego State,17,,Toledo,14
5,24-Sep-22,10:30 PM,Sat,San Jose State,34,,Western Michigan,6
5,24-Sep-22,7:00 PM,Sat,South Alabama,38,,Louisiana Tech,14
5,24-Sep-22,7:30 PM,Sat,South Carolina,56,,Charlotte,20
5,24-Sep-22,9:30 PM,Sat,(7) Southern California,17,@,Oregon State,14
5,24-Sep-22,7:00 PM,Sat,Southern Mississippi,27,@,Tulane,24
5,24-Sep-22,2:00 PM,Sat,Temple,28,,Massachusetts,0
5,24-Sep-22,3:30 PM,Sat,(11) Tennessee,38,,(20) Florida,33
5,24-Sep-22,7:00 PM,Sat,(23) Texas A&M,23,N,(10) Arkansas,21
5,24-Sep-22,12:00 PM,Sat,Texas Christian,42,@,Southern Methodist,34
5,24-Sep-22,7:00 PM,Sat,Texas State,34,,Houston Baptist,0
5,24-Sep-22,3:30 PM,Sat,Texas Tech,37,,(22) Texas,34
5,24-Sep-22,3:30 PM,Sat,Texas-San Antonio,52,,Texas Southern,24
5,24-Sep-22,7:00 PM,Sat,Troy,16,,Marshall,7
5,24-Sep-22,2:00 PM,Sat,UCLA,45,@,Colorado,17
5,24-Sep-22,10:30 PM,Sat,(13) Utah,34,@,Arizona State,13
5,24-Sep-22,10:30 PM,Sat,(18) Washington,40,,Stanford,22
5,24-Sep-22,3:30 PM,Sat,Western Kentucky,73,,Florida International,0
6,29-Sep-22,8:00 PM,Thu,(19) Brigham Young,38,,Utah State,26
6,29-Sep-22,7:00 PM,Thu,South Carolina,50,,South Carolina State,10
6,30-Sep-22,8:00 PM,Fri,Boise State,35,,San Diego State,13
6,30-Sep-22,11:00 PM,Fri,Nevada-Las Vegas,31,,New Mexico,20
6,30-Sep-22,7:30 PM,Fri,Texas-San Antonio,45,@,Middle Tennessee State,30
6,30-Sep-22,7:00 PM,Fri,Tulane,27,@,Houston,24
6,30-Sep-22,10:30 PM,Fri,UCLA,40,,(15) Washington,32
6,1-Oct-22,12:00 PM,Sat,Air Force,13,,Navy,10
6,1-Oct-22,3:30 PM,Sat,(2) Alabama,49,@,(20) Arkansas,26
6,1-Oct-22,3:30 PM,Sat,Appalachian State,49,,Citadel,0
6,1-Oct-22,9:30 PM,Sat,Arizona,43,,Colorado,20
6,1-Oct-22,7:00 PM,Sat,Arkansas State,45,,Louisiana-Monroe,28
6,1-Oct-22,2:00 PM,Sat,Ball State,44,,Northern Illinois,38
6,1-Oct-22,12:00 PM,Sat,Boston College,34,,Louisville,33
6,1-Oct-22,3:30 PM,Sat,Bowling Green,31,@,Akron,28
6,1-Oct-22,3:30 PM,Sat,Buffalo,24,,Miami (OH),20
6,1-Oct-22,7:00 PM,Sat,Cincinnati,31,@,Tulsa,21
6,1-Oct-22,7:30 PM,Sat,(5) Clemson,30,,(10) North Carolina State,20
6,1-Oct-22,7:00 PM,Sat,Coastal Carolina,34,,Georgia Southern,30
6,1-Oct-22,3:30 PM,Sat,Connecticut,19,,Fresno State,14
6,1-Oct-22,7:30 PM,Sat,Duke,38,,Virginia,17
6,1-Oct-22,2:30 PM,Sat,East Carolina,48,N,South Florida,28
6,1-Oct-22,2:00 PM,Sat,Eastern Michigan,20,,Massachusetts,13
6,1-Oct-22,8:00 PM,Sat,Florida International,21,@,New Mexico State,7
6,1-Oct-22,7:30 PM,Sat,(1) Georgia,26,@,Missouri,22
6,1-Oct-22,12:00 PM,Sat,Georgia State,31,@,Army,14
6,1-Oct-22,8:00 PM,Sat,Georgia Tech,26,@,(24) Pittsburgh,21
6,1-Oct-22,12:00 PM,Sat,Illinois,34,@,Wisconsin,10
6,1-Oct-22,1:30 PM,Sat,James Madison,40,,Texas State,13
6,1-Oct-22,3:30 PM,Sat,Kansas,14,,Iowa State,11
6,1-Oct-22,12:00 PM,Sat,(25) Kansas State,37,,Texas Tech,28
6,1-Oct-22,3:30 PM,Sat,Kent State,31,,Ohio,24
6,1-Oct-22,6:00 PM,Sat,Liberty,38,@,Old Dominion,24
6,1-Oct-22,7:00 PM,Sat,Louisiana State,21,@,Auburn,17
6,1-Oct-22,3:30 PM,Sat,Marshall,28,,Gardner-Webb,7
6,1-Oct-22,3:30 PM,Sat,Maryland,27,,Michigan State,13
6,1-Oct-22,12:00 PM,Sat,Memphis,24,,Temple,3
6,1-Oct-22,12:00 PM,Sat,(4) Michigan,27,@,Iowa,14
6,1-Oct-22,12:00 PM,Sat,(14) Mississippi,22,,(7) Kentucky,19
6,1-Oct-22,4:00 PM,Sat,Mississippi State,42,,(17) Texas A&M,24
6,1-Oct-22,7:30 PM,Sat,Nebraska,35,,Indiana,21
6,1-Oct-22,3:30 PM,Sat,North Carolina,41,,Virginia Tech,10
6,1-Oct-22,4:00 PM,Sat,North Texas,45,,Florida Atlantic,28
6,1-Oct-22,3:30 PM,Sat,(3) Ohio State,49,,Rutgers,10
6,1-Oct-22,3:30 PM,Sat,(9) Oklahoma State,36,@,(16) Baylor,25
6,1-Oct-22,11:00 PM,Sat,(13) Oregon,45,,Stanford,27
6,1-Oct-22,3:30 PM,Sat,(11) Penn State,17,,Northwestern,7
6,1-Oct-22,12:00 PM,Sat,Purdue,20,@,(21) Minnesota,10
6,1-Oct-22,7:30 PM,Sat,Rice,28,,Alabama-Birmingham,24
6,1-Oct-22,7:30 PM,Sat,San Jose State,33,@,Wyoming,16
6,1-Oct-22,5:00 PM,Sat,South Alabama,20,@,Louisiana,17
6,1-Oct-22,10:30 PM,Sat,(6) Southern California,42,,Arizona State,25
6,1-Oct-22,5:00 PM,Sat,Syracuse,59,,Wagner,0
6,1-Oct-22,7:30 PM,Sat,Texas,38,,West Virginia,20
6,1-Oct-22,12:00 PM,Sat,Texas Christian,55,,(18) Oklahoma,24
6,1-Oct-22,6:00 PM,Sat,Texas-El Paso,41,@,Charlotte,35
6,1-Oct-22,3:30 PM,Sat,Toledo,38,,Central Michigan,17
6,1-Oct-22,7:00 PM,Sat,Troy,34,@,Western Kentucky,27
6,1-Oct-22,2:00 PM,Sat,(12) Utah,42,,Oregon State,16
6,1-Oct-22,3:30 PM,Sat,(22) Wake Forest,31,@,(23) Florida State,21
6,1-Oct-22,5:30 PM,Sat,Washington State,28,,California,9
6,1-Oct-22,6:00 PM,Sat,Western Michigan,44,,New Hampshire,7
6,2-Oct-22,12:00 PM,Sun,Florida,52,,Eastern Washington,17
7,5-Oct-22,7:00 PM,Wed,Central Florida,41,,Southern Methodist,19
7,7-Oct-22,10:30 PM,Fri,Colorado State,17,@,Nevada,14
7,7-Oct-22,7:30 PM,Fri,Houston,33,@,Memphis,32
7,7-Oct-22,7:00 PM,Fri,Nebraska,14,@,Rutgers,13
7,7-Oct-22,10:30 PM,Fri,San Jose State,40,,Nevada-Las Vegas,7
7,8-Oct-22,8:00 PM,Sat,(1) Alabama,24,,Texas A&M,20
7,8-Oct-22,3:30 PM,Sat,Alabama-Birmingham,41,,Middle Tennessee State,14
7,8-Oct-22,4:00 PM,Sat,Arizona State,45,,(21) Washington,38
7,8-Oct-22,3:30 PM,Sat,Ball State,17,@,Central Michigan,16
7,8-Oct-22,9:45 PM,Sat,Boise State,40,,Fresno State,20
7,8-Oct-22,12:00 PM,Sat,Buffalo,38,@,Bowling Green,7
7,8-Oct-22,2:30 PM,Sat,(24) Cincinnati,28,,South Florida,24
7,8-Oct-22,7:30 PM,Sat,(5) Clemson,31,@,Boston College,3
7,8-Oct-22,8:00 PM,Sat,Coastal Carolina,28,@,Louisiana-Monroe,21
7,8-Oct-22,7:00 PM,Sat,Connecticut,33,@,Florida International,12
7,8-Oct-22,12:00 PM,Sat,Eastern Michigan,45,@,Western Michigan,23
7,8-Oct-22,12:00 PM,Sat,Florida,24,,Missouri,17
7,8-Oct-22,3:30 PM,Sat,(2) Georgia,42,,Auburn,10
7,8-Oct-22,2:00 PM,Sat,Georgia State,41,,Georgia Southern,33
7,8-Oct-22,4:00 PM,Sat,Georgia Tech,23,,Duke,20
7,8-Oct-22,7:30 PM,Sat,Illinois,9,,Iowa,6
7,8-Oct-22,7:00 PM,Sat,James Madison,42,@,Arkansas State,20
7,8-Oct-22,7:30 PM,Sat,(20) Kansas State,10,@,Iowa State,9
7,8-Oct-22,3:30 PM,Sat,Liberty,42,@,Massachusetts,24
7,8-Oct-22,7:00 PM,Sat,Louisiana Tech,41,,Texas-El Paso,31
7,8-Oct-22,12:00 PM,Sat,Louisville,34,@,Virginia,17
7,8-Oct-22,3:30 PM,Sat,Miami (OH),27,,Kent State,24
7,8-Oct-22,12:00 PM,Sat,(4) Michigan,31,@,Indiana,10
7,8-Oct-22,4:00 PM,Sat,(9) Mississippi,52,@,Vanderbilt,28
7,8-Oct-22,12:00 PM,Sat,(23) Mississippi State,40,,Arkansas,17
7,8-Oct-22,3:30 PM,Sat,Navy,53,,Tulsa,21
7,8-Oct-22,4:00 PM,Sat,North Carolina,27,@,Miami (FL),24
7,8-Oct-22,8:00 PM,Sat,(14) North Carolina State,19,,Florida State,17
7,8-Oct-22,7:30 PM,Sat,Notre Dame,28,N,(16) Brigham Young,20
7,8-Oct-22,2:00 PM,Sat,Ohio,55,,Akron,34
7,8-Oct-22,4:00 PM,Sat,(3) Ohio State,49,@,Michigan State,20
7,8-Oct-22,3:30 PM,Sat,(7) Oklahoma State,41,,Texas Tech,31
7,8-Oct-22,8:00 PM,Sat,(12) Oregon,49,@,Arizona,22
7,8-Oct-22,11:00 PM,Sat,Oregon State,28,@,Stanford,27
7,8-Oct-22,3:30 PM,Sat,Pittsburgh,45,,Virginia Tech,29
7,8-Oct-22,12:00 PM,Sat,Purdue,31,@,Maryland,29
7,8-Oct-22,10:30 PM,Sat,San Diego State,16,,Hawaii,14
7,8-Oct-22,7:30 PM,Sat,South Carolina,24,@,(13) Kentucky,14
7,8-Oct-22,7:30 PM,Sat,(6) Southern California,30,,Washington State,14
7,8-Oct-22,12:00 PM,Sat,(8) Tennessee,40,@,(25) Louisiana State,13
7,8-Oct-22,12:00 PM,Sat,Texas,49,N,Oklahoma,0
7,8-Oct-22,12:00 PM,Sat,(17) Texas Christian,38,@,(19) Kansas,31
7,8-Oct-22,7:00 PM,Sat,Texas State,36,,Appalachian State,24
7,8-Oct-22,6:00 PM,Sat,Texas-San Antonio,31,,Western Kentucky,28
7,8-Oct-22,3:30 PM,Sat,Toledo,52,@,Northern Illinois,32
7,8-Oct-22,7:00 PM,Sat,Troy,27,,Southern Mississippi,10
7,8-Oct-22,3:30 PM,Sat,Tulane,24,,East Carolina,9
7,8-Oct-22,3:30 PM,Sat,(18) UCLA,42,,(11) Utah,32
7,8-Oct-22,7:00 PM,Sat,Utah State,34,,Air Force,27
7,8-Oct-22,7:30 PM,Sat,(15) Wake Forest,45,,Army,10
7,8-Oct-22,3:30 PM,Sat,Wisconsin,42,@,Northwestern,7
7,8-Oct-22,7:00 PM,Sat,Wyoming,27,@,New Mexico,14
8,12-Oct-22,7:30 PM,Wed,Louisiana,23,@,Marshall,13
8,13-Oct-22,7:00 PM,Thu,Central Florida,70,,Temple,13
8,13-Oct-22,7:00 PM,Thu,West Virginia,43,,Baylor,40
8,14-Oct-22,7:30 PM,Fri,Southern Methodist,40,,Navy,34
8,14-Oct-22,8:00 PM,Fri,Texas-San Antonio,30,@,Florida International,10
8,15-Oct-22,9:30 PM,Sat,Air Force,42,@,Nevada-Las Vegas,7
8,15-Oct-22,3:30 PM,Sat,Alabama-Birmingham,34,,Charlotte,20
8,15-Oct-22,3:30 PM,Sat,Arkansas,52,@,Brigham Young,35
8,15-Oct-22,12:00 PM,Sat,Army,42,,Colgate,17
8,15-Oct-22,2:00 PM,Sat,Ball State,25,,Connecticut,21
8,15-Oct-22,12:00 PM,Sat,Bowling Green,17,,Miami (OH),13
8,15-Oct-22,1:00 PM,Sat,Buffalo,34,@,Massachusetts,7
8,15-Oct-22,12:00 PM,Sat,Central Michigan,28,@,Akron,21
8,15-Oct-22,7:30 PM,Sat,(4) Clemson,34,@,Florida State,28
8,15-Oct-22,2:00 PM,Sat,Colorado,20,,California,13
8,15-Oct-22,7:30 PM,Sat,East Carolina,47,,Memphis,45
8,15-Oct-22,6:00 PM,Sat,Florida Atlantic,17,,Rice,14
8,15-Oct-22,10:45 PM,Sat,Fresno State,17,,San Jose State,10
8,15-Oct-22,3:30 PM,Sat,(1) Georgia,55,,Vanderbilt,0
8,15-Oct-22,4:00 PM,Sat,Georgia Southern,45,,(25) James Madison,38
8,15-Oct-22,11:59 PM,Sat,Hawaii,31,,Nevada,16
8,15-Oct-22,12:00 PM,Sat,(24) Illinois,26,,Minnesota,14
8,15-Oct-22,7:30 PM,Sat,(22) Kentucky,27,,(16) Mississippi State,17
8,15-Oct-22,3:30 PM,Sat,Liberty,21,,Gardner-Webb,20
8,15-Oct-22,7:00 PM,Sat,Louisiana State,45,@,Florida,35
8,15-Oct-22,3:30 PM,Sat,Maryland,38,@,Indiana,33
8,15-Oct-22,12:30 PM,Sat,Miami (FL),20,@,Virginia Tech,14
8,15-Oct-22,12:00 PM,Sat,(5) Michigan,41,,(10) Penn State,17
8,15-Oct-22,4:00 PM,Sat,Michigan State,34,,Wisconsin,28
8,15-Oct-22,12:00 PM,Sat,(9) Mississippi,48,,Auburn,34
8,15-Oct-22,8:00 PM,Sat,New Mexico State,21,,New Mexico,9
8,15-Oct-22,8:00 PM,Sat,North Carolina,38,@,Duke,35
8,15-Oct-22,4:00 PM,Sat,North Texas,47,,Louisiana Tech,27
8,15-Oct-22,3:30 PM,Sat,Northern Illinois,39,@,Eastern Michigan,10
8,15-Oct-22,3:30 PM,Sat,Ohio,33,@,Western Michigan,14
8,15-Oct-22,12:00 PM,Sat,Oklahoma,52,,(19) Kansas,42
8,15-Oct-22,12:00 PM,Sat,Old Dominion,49,@,Coastal Carolina,21
8,15-Oct-22,9:00 PM,Sat,Oregon State,24,,Washington State,10
8,15-Oct-22,7:30 PM,Sat,Purdue,43,,Nebraska,37
8,15-Oct-22,8:00 PM,Sat,South Alabama,41,,Louisiana-Monroe,34
8,15-Oct-22,7:00 PM,Sat,Southern Mississippi,20,,Arkansas State,19
8,15-Oct-22,7:30 PM,Sat,Stanford,16,@,Notre Dame,14
8,15-Oct-22,3:30 PM,Sat,(18) Syracuse,24,,(15) North Carolina State,9
8,15-Oct-22,3:30 PM,Sat,(6) Tennessee,52,,(3) Alabama,49
8,15-Oct-22,12:00 PM,Sat,(22) Texas,24,,Iowa State,21
8,15-Oct-22,3:30 PM,Sat,(13) Texas Christian,43,,(8) Oklahoma State,40
8,15-Oct-22,3:30 PM,Sat,Toledo,52,,Kent State,31
8,15-Oct-22,3:30 PM,Sat,Troy,17,,Texas State,14
8,15-Oct-22,4:00 PM,Sat,Tulane,45,@,South Florida,31
8,15-Oct-22,8:00 PM,Sat,(20) Utah,43,,(7) Southern California,42
8,15-Oct-22,7:00 PM,Sat,Utah State,17,@,Colorado State,13
8,15-Oct-22,5:30 PM,Sat,Washington,49,,Arizona,39
8,15-Oct-22,3:30 PM,Sat,Western Kentucky,35,@,Middle Tennessee State,17
9,19-Oct-22,7:30 PM,Wed,Appalachian State,42,,Georgia State,17
9,20-Oct-22,7:30 PM,Thu,Troy,10,@,South Alabama,6
9,20-Oct-22,7:30 PM,Thu,Virginia,16,@,Georgia Tech,9
9,21-Oct-22,7:30 PM,Fri,Tulsa,27,@,Temple,16
9,21-Oct-22,8:00 PM,Fri,Western Kentucky,20,,Alabama-Birmingham,17
9,22-Oct-22,7:00 PM,Sat,(6) Alabama,30,,(24) Mississippi State,6
9,22-Oct-22,12:00 PM,Sat,Army,48,,Louisiana-Monroe,24
9,22-Oct-22,12:00 PM,Sat,Baylor,35,,Kansas,23
9,22-Oct-22,7:00 PM,Sat,Boise State,19,@,Air Force,14
9,22-Oct-22,1:00 PM,Sat,Bowling Green,34,@,Central Michigan,18
9,22-Oct-22,1:00 PM,Sat,Buffalo,34,,Toledo,27
9,22-Oct-22,12:00 PM,Sat,(21) Cincinnati,29,@,Southern Methodist,27
9,22-Oct-22,12:00 PM,Sat,(5) Clemson,27,,(14) Syracuse,21
9,22-Oct-22,4:00 PM,Sat,Colorado State,17,,Hawaii,13
9,22-Oct-22,12:30 PM,Sat,Duke,45,@,Miami (FL),21
9,22-Oct-22,7:30 PM,Sat,East Carolina,34,,Central Florida,13
9,22-Oct-22,2:00 PM,Sat,Eastern Michigan,20,@,Ball State,16
9,22-Oct-22,3:30 PM,Sat,Florida International,34,@,Charlotte,15
9,22-Oct-22,6:30 PM,Sat,Fresno State,41,@,New Mexico,9
9,22-Oct-22,3:30 PM,Sat,Georgia Southern,28,@,Old Dominion,23
9,22-Oct-22,12:00 PM,Sat,Houston,38,@,Navy,20
9,22-Oct-22,12:00 PM,Sat,Kent State,33,,Akron,27
9,22-Oct-22,3:30 PM,Sat,Liberty,41,,Brigham Young,14
9,22-Oct-22,5:00 PM,Sat,Louisiana,38,,Arkansas State,18
9,22-Oct-22,3:30 PM,Sat,Louisiana State,45,,(7) Mississippi,20
9,22-Oct-22,8:00 PM,Sat,Louisville,24,,Pittsburgh,10
9,22-Oct-22,3:30 PM,Sat,Marshall,26,@,James Madison,12
9,22-Oct-22,3:30 PM,Sat,Maryland,31,,Northwestern,24
9,22-Oct-22,4:00 PM,Sat,Missouri,17,,Vanderbilt,14
9,22-Oct-22,2:30 PM,Sat,Notre Dame,44,,Nevada-Las Vegas,21
9,22-Oct-22,2:00 PM,Sat,Ohio,24,,Northern Illinois,17
9,22-Oct-22,12:00 PM,Sat,(2) Ohio State,54,,Iowa,10
9,22-Oct-22,3:30 PM,Sat,(11) Oklahoma State,41,,(20) Texas,34
9,22-Oct-22,3:30 PM,Sat,(10) Oregon,45,,(9) UCLA,30
9,22-Oct-22,8:00 PM,Sat,Oregon State,42,,Colorado,9
9,22-Oct-22,7:30 PM,Sat,(16) Penn State,45,,Minnesota,17
9,22-Oct-22,3:00 PM,Sat,Rice,42,@,Louisiana Tech,41
9,22-Oct-22,12:00 PM,Sat,Rutgers,24,,Indiana,17
9,22-Oct-22,10:30 PM,Sat,San Diego State,23,@,Nevada,7
9,22-Oct-22,6:00 PM,Sat,San Jose State,0,@,New Mexico State,0
9,22-Oct-22,7:30 PM,Sat,South Carolina,30,,Texas A&M,24
9,22-Oct-22,5:00 PM,Sat,Southern Mississippi,20,@,Texas State,14
9,22-Oct-22,4:00 PM,Sat,Stanford,15,,Arizona State,14
9,22-Oct-22,12:00 PM,Sat,(3) Tennessee,65,,Tennessee-Martin,24
9,22-Oct-22,8:00 PM,Sat,(8) Texas Christian,38,,(17) Kansas State,28
9,22-Oct-22,3:00 PM,Sat,Texas Tech,48,,West Virginia,10
9,22-Oct-22,4:00 PM,Sat,Texas-El Paso,24,,Florida Atlantic,21
9,22-Oct-22,3:30 PM,Sat,Texas-San Antonio,31,,North Texas,27
9,22-Oct-22,3:30 PM,Sat,(25) Tulane,38,,Memphis,28
9,22-Oct-22,3:30 PM,Sat,(13) Wake Forest,43,,Boston College,15
9,22-Oct-22,10:30 PM,Sat,Washington,28,@,California,21
9,22-Oct-22,3:30 PM,Sat,Western Michigan,16,@,Miami (OH),10
9,22-Oct-22,3:30 PM,Sat,Wisconsin,35,,Purdue,24
9,22-Oct-22,9:45 PM,Sat,Wyoming,28,,Utah State,14
10,27-Oct-22,7:30 PM,Thu,(24) North Carolina State,22,,Virginia Tech,21
10,27-Oct-22,7:30 PM,Thu,Southern Mississippi,39,,Louisiana,24
10,27-Oct-22,10:00 PM,Thu,(14) Utah,21,@,Washington State,17
10,28-Oct-22,8:00 PM,Fri,East Carolina,27,@,Brigham Young,24
10,28-Oct-22,8:00 PM,Fri,Florida International,42,,Louisiana Tech,34
10,29-Oct-22,3:30 PM,Sat,Appalachian State,42,,Robert Morris,3
10,29-Oct-22,7:30 PM,Sat,Arizona State,42,@,Colorado,34
10,29-Oct-22,12:00 PM,Sat,Arkansas,41,@,Auburn,27
10,29-Oct-22,7:30 PM,Sat,Baylor,45,@,Texas Tech,17
10,29-Oct-22,7:00 PM,Sat,Boise State,49,,Colorado State,10
10,29-Oct-22,3:30 PM,Sat,Central Florida,25,,(20) Cincinnati,21
10,29-Oct-22,2:00 PM,Sat,Charlotte,56,@,Rice,23
10,29-Oct-22,7:00 PM,Sat,Coastal Carolina,24,@,Marshall,13
10,29-Oct-22,12:00 PM,Sat,Connecticut,13,,Boston College,3
10,29-Oct-22,7:00 PM,Sat,Florida Atlantic,24,,Alabama-Birmingham,17
10,29-Oct-22,12:00 PM,Sat,Florida State,41,,Georgia Tech,16
10,29-Oct-22,10:30 PM,Sat,Fresno State,32,,San Diego State,28
10,29-Oct-22,3:30 PM,Sat,(1) Georgia,42,N,Florida,20
10,29-Oct-22,3:00 PM,Sat,Georgia State,31,,Old Dominion,17
10,29-Oct-22,12:00 PM,Sat,Houston,42,,South Florida,27
10,29-Oct-22,3:30 PM,Sat,(17) Illinois,26,@,Nebraska,9
10,29-Oct-22,3:30 PM,Sat,Iowa,33,,Northwestern,13
10,29-Oct-22,3:30 PM,Sat,(22) Kansas State,48,,(9) Oklahoma State,0
10,29-Oct-22,3:30 PM,Sat,Louisville,48,,(10) Wake Forest,21
10,29-Oct-22,12:30 PM,Sat,Miami (FL),14,@,Virginia,12
10,29-Oct-22,12:00 PM,Sat,Miami (OH),27,@,Akron,9
10,29-Oct-22,7:30 PM,Sat,(4) Michigan,29,,Michigan State,7
10,29-Oct-22,9:00 PM,Sat,Middle Tennessee State,24,@,Texas-El Paso,13
10,29-Oct-22,2:30 PM,Sat,Minnesota,31,,Rutgers,0
10,29-Oct-22,7:30 PM,Sat,(15) Mississippi,31,@,Texas A&M,28
10,29-Oct-22,4:00 PM,Sat,Missouri,23,@,(25) South Carolina,10
10,29-Oct-22,3:30 PM,Sat,Navy,27,,Temple,20
10,29-Oct-22,3:30 PM,Sat,New Mexico State,23,@,Massachusetts,13
10,29-Oct-22,8:00 PM,Sat,(21) North Carolina,42,,Pittsburgh,24
10,29-Oct-22,3:30 PM,Sat,North Texas,40,@,Western Kentucky,13
10,29-Oct-22,12:00 PM,Sat,Notre Dame,41,@,(16) Syracuse,24
10,29-Oct-22,12:00 PM,Sat,(2) Ohio State,44,@,(13) Penn State,31
10,29-Oct-22,12:00 PM,Sat,Oklahoma,27,@,Iowa State,13
10,29-Oct-22,3:30 PM,Sat,(8) Oregon,42,@,California,24
10,29-Oct-22,10:30 PM,Sat,San Jose State,35,,Nevada,28
10,29-Oct-22,4:00 PM,Sat,South Alabama,31,@,Arkansas State,3
10,29-Oct-22,6:00 PM,Sat,(10) Southern California,45,@,Arizona,37
10,29-Oct-22,3:30 PM,Sat,Southern Methodist,45,@,Tulsa,34
10,29-Oct-22,7:00 PM,Sat,(3) Tennessee,44,,(19) Kentucky,6
10,29-Oct-22,12:00 PM,Sat,(7) Texas Christian,41,@,West Virginia,31
10,29-Oct-22,12:00 PM,Sat,Toledo,27,@,Eastern Michigan,24
10,29-Oct-22,10:30 PM,Sat,(12) UCLA,38,,Stanford,13
10,30-Oct-22,12:00 AM,Sun,Wyoming,27,@,Hawaii,20
11,1-Nov-22,7:00 PM,Tue,Ball State,27,@,Kent State,20
11,1-Nov-22,7:30 PM,Tue,Ohio,45,,Buffalo,24
11,2-Nov-22,7:00 PM,Wed,Bowling Green,13,,Western Michigan,9
11,2-Nov-22,7:00 PM,Wed,Central Michigan,35,@,Northern Illinois,22
11,3-Nov-22,7:30 PM,Thu,Coastal Carolina,35,,Appalachian State,28
11,3-Nov-22,7:00 PM,Thu,Rice,37,,Texas-El Paso,30
11,4-Nov-22,7:00 PM,Fri,Connecticut,27,,Massachusetts,10
11,4-Nov-22,7:00 PM,Fri,Duke,38,@,Boston College,31
11,4-Nov-22,10:30 PM,Fri,Washington,24,,(24) Oregon State,21
11,5-Nov-22,11:30 AM,Sat,Air Force,13,N,Army,7
11,5-Nov-22,3:00 PM,Sat,Baylor,38,@,Oklahoma,35
11,5-Nov-22,7:00 PM,Sat,Brigham Young,31,@,Boise State,28
11,5-Nov-22,3:30 PM,Sat,(25) Central Florida,35,@,Memphis,28
11,5-Nov-22,4:00 PM,Sat,Cincinnati,20,,Navy,10
11,5-Nov-22,12:00 PM,Sat,Florida,41,@,Texas A&M,24
11,5-Nov-22,7:30 PM,Sat,Florida State,45,@,Miami (FL),3
11,5-Nov-22,10:30 PM,Sat,Fresno State,55,,Hawaii,13
11,5-Nov-22,3:30 PM,Sat,(1) Georgia,27,,(2) Tennessee,13
11,5-Nov-22,3:00 PM,Sat,Georgia State,42,@,Southern Mississippi,14
11,5-Nov-22,12:30 PM,Sat,Georgia Tech,28,@,Virginia Tech,27
11,5-Nov-22,12:00 PM,Sat,Iowa,24,@,Purdue,3
11,5-Nov-22,3:30 PM,Sat,Iowa State,31,,West Virginia,14
11,5-Nov-22,3:30 PM,Sat,Kansas,37,,(18) Oklahoma State,16
11,5-Nov-22,12:00 PM,Sat,Kentucky,21,@,Missouri,17
11,5-Nov-22,4:00 PM,Sat,(23) Liberty,21,@,Arkansas,19
11,5-Nov-22,7:00 PM,Sat,(15) Louisiana State,32,,(6) Alabama,31
11,5-Nov-22,3:00 PM,Sat,Louisiana Tech,40,,Middle Tennessee State,24
11,5-Nov-22,5:00 PM,Sat,Louisiana-Monroe,31,,Texas State,30
11,5-Nov-22,7:30 PM,Sat,Louisville,34,,James Madison,10
11,5-Nov-22,2:00 PM,Sat,Marshall,12,@,Old Dominion,0
11,5-Nov-22,7:30 PM,Sat,(4) Michigan,52,@,Rutgers,17
11,5-Nov-22,3:30 PM,Sat,Michigan State,23,@,(14) Illinois,15
11,5-Nov-22,12:00 PM,Sat,Minnesota,20,@,Nebraska,13
11,5-Nov-22,7:30 PM,Sat,Mississippi State,39,,Auburn,33
11,5-Nov-22,12:00 PM,Sat,(17) North Carolina,31,@,Virginia,28
11,5-Nov-22,8:00 PM,Sat,(21) North Carolina State,30,,(20) Wake Forest,21
11,5-Nov-22,4:00 PM,Sat,North Texas,52,,Florida International,14
11,5-Nov-22,7:30 PM,Sat,Notre Dame,35,,(5) Clemson,14
11,5-Nov-22,12:00 PM,Sat,(2) Ohio State,21,@,Northwestern,7
11,5-Nov-22,3:30 PM,Sat,(8) Oregon,49,@,Colorado,10
11,5-Nov-22,3:30 PM,Sat,(16) Penn State,45,@,Indiana,14
11,5-Nov-22,3:30 PM,Sat,Pittsburgh,19,,(22) Syracuse,9
11,5-Nov-22,7:00 PM,Sat,San Diego State,14,,Nevada-Las Vegas,10
11,5-Nov-22,10:30 PM,Sat,San Jose State,28,,Colorado State,16
11,5-Nov-22,4:00 PM,Sat,South Alabama,38,@,Georgia Southern,31
11,5-Nov-22,7:30 PM,Sat,South Carolina,38,@,Vanderbilt,27
11,5-Nov-22,10:30 PM,Sat,(9) Southern California,41,,California,35
11,5-Nov-22,7:00 PM,Sat,Southern Methodist,77,,Houston,63
11,5-Nov-22,2:00 PM,Sat,Temple,54,,South Florida,28
11,5-Nov-22,7:00 PM,Sat,Texas,34,@,(13) Kansas State,27
11,5-Nov-22,12:00 PM,Sat,(7) Texas Christian,34,,Texas Tech,24
11,5-Nov-22,3:30 PM,Sat,Texas-San Antonio,44,@,Alabama-Birmingham,38
11,5-Nov-22,5:00 PM,Sat,Troy,23,@,Louisiana,17
11,5-Nov-22,12:00 PM,Sat,(19) Tulane,27,@,Tulsa,13
11,5-Nov-22,9:30 PM,Sat,(10) UCLA,50,@,Arizona State,36
11,5-Nov-22,7:30 PM,Sat,(12) Utah,45,,Arizona,20
11,5-Nov-22,3:30 PM,Sat,Utah State,27,,New Mexico,10
11,5-Nov-22,3:30 PM,Sat,Washington State,52,@,Stanford,14
11,5-Nov-22,12:00 PM,Sat,Western Kentucky,59,@,Charlotte,7
11,5-Nov-22,12:00 PM,Sat,Wisconsin,23,,Maryland,10